Workbook

Sheet 1 - Cleaned Data
A1: Order ID | B1: Restaurant ID | C1: City | D1: Order Date | E1: Delivery Date | F1: Delivery Time (min) | G1: Delivery Charge | H1: Delivery Partner | I1: Status
A2: O001 | B2: R003 | C2: Mumbai | D2: 46053 | E2: 46056 | F2: 40 | G2: 40 | H2: Priya | I2: Delivered
A3: O002 | B3: R009 | C3: Bengaluru | D3: 46038 | E3: 46039 | F3: 22 | G3: 25 | H3: Amit | I3: Cancelled
A4: O003 | B4: R007 | C4: Delhi | D4: 46031 | E4: 46032 | F4: 36 | G4: 30 | H4: Unassigned | I4: Delivered
A5: O004 | B5: R007 | C5: Delhi | D5: 46074 | E5: 46077 | F5: 50 | G5: 25 | H5: Amit | I5: Cancelled
A6: O005 | B6: R008 | C6: Delhi | D6: 46071 | E6: 46071 | F6: 45 | G6: 25 | H6: Priya | I6: Delivered
A7: O006 | B7: R002 | C7: Ahmedabad | D7: 46078 | E7: 46078 | F7: 51 | G7: 30 | H7: Karan | I7: Delivered
A8: O007 | B8: R007 | C8: Delhi | D8: 46058 | E8: 46059 | F8: 33 | G8: 50 | H8: Rahul | I8: Delivered
A9: O008 | B9: R004 | C9: Mumbai | D9: 46031 | E9: 46032 | F9: 35 | G9: 50 | H9: Unassigned | I9: Cancelled
A10: O009 | B10: R012 | C10: Jaipur | D10: 46031 | E10: 46031 | F10: 57 | G10: 40 | H10: Karan | I10: Delivered
A11: O010 | B11: R004 | C11: Mumbai | D11: 46048 | E11: 46049 | F11: 56 | G11: 40 | H11: Amit | I11: Delivered
A12: O011 | B12: R008 | C12: Delhi | D12: 46059 | E12: 46062 | F12: 42 | G12: 40 | H12: Neha | I12: Delivered
A13: O012 | B13: R001 | C13: Ahmedabad | D13: 46080 | E13: 46080 | F13: 32 | G13: 50 | H13: Unassigned | I13: Delivered
... A61: O060 | B61: R009 | C61: Bengaluru | D61: 46080 | E61: 46080 | F61: 41 | G61: 30 | H61: Neha | I61: Delivered

Sheet 2 - Restaurant Lookup
A1: Order ID | B1: Restaurant ID | C1: City | D1: Order Date | E1: Delivery Date | F1: Delivery Time (min) | G1: Delivery Charge | H1: Delivery Partner | I1: Status | J1: Restaurant Name
A2: O001 | B2: R003 | C2: Mumbai | D2: 46053 | E2: 46056 | F2: 40 | G2: 40 | H2: Priya | I2: Delivered | J2: =_xlfn.XLOOKUP(B2,'Restaurant Details'!$A$2:$A$13,'Restaurant Details'!$B$2:$B$13,"Not Found") -> Pizza Point
A3: O002 | B3: R009 | C3: Bengaluru | D3: 46038 | E3: 46039 | F3: 22 | G3: 25 | H3: Amit | I3: Cancelled | J3: =_xlfn.XLOOKUP(B3,'Restaurant Details'!$A$2:$A$13,'Restaurant Details'!$B$2:$B$13,"Not Found") -> The Dosa Cafe
A4: O003 | B4: R007 | C4: Delhi | D4: 46031 | E4: 46032 | F4: 36 | G4: 30 | H4: Unassigned | I4: Delivered | J4: =_xlfn.XLOOKUP(B4,'Restaurant Details'!$A$2:$A$13,'Restaurant Details'!$B$2:$B$13,"Not Found") -> Burger Street
A5: O004 | B5: R007 | C5: Delhi | D5: 46074 | E5: 46077 | F5: 50 | G5: 25 | H5: Amit | I5: Cancelled | J5: =_xlfn.XLOOKUP(B5,'Restaurant Details'!$A$2:$A$13,'Restaurant Details'!$B$2:$B$13,"Not Found") -> Burger Street
A6: O005 | B6: R008 | C6: Delhi | D6: 46071 | E6: 46071 | F6: 45 | G6: 25 | H6: Priya | I6: Delivered | J6: =_xlfn.XLOOKUP(B6,'Restaurant Details'!$A$2:$A$13,'Restaurant Details'!$B$2:$B$13,"Not Found") -> Curry Culture
A7: O006 | B7: R002 | C7: Ahmedabad | D7: 46078 | E7: 46078 | F7: 51 | G7: 30 | H7: Karan | I7: Delivered | J7: =_xlfn.XLOOKUP(B7,'Restaurant Details'!$A$2:$A$13,'Restaurant Details'!$B$2:$B$13,"Not Found") -> Urban Tadka
A8: O007 | B8: R007 | C8: Delhi | D8: 46058 | E8: 46059 | F8: 33 | G8: 50 | H8: Rahul | I8: Delivered | J8: =_xlfn.XLOOKUP(B8,'Restaurant Details'!$A$2:$A$13,'Restaurant Details'!$B$2:$B$13,"Not Found") -> Burger Street
A9: O008 | B9: R004 | C9: Mumbai | D9: 46031 | E9: 46032 | F9: 35 | G9: 50 | H9: Unassigned | I9: Cancelled | J9: =_xlfn.XLOOKUP(B9,'Restaurant Details'!$A$2:$A$13,'Restaurant Details'!$B$2:$B$13,"Not Found") -> Biryani House
A10: O009 | B10: R012 | C10: Jaipur | D10: 46031 | E10: 46031 | F10: 57 | G10: 40 | H10: Karan | I10: Delivered | J10: =_xlfn.XLOOKUP(B10,'Restaurant Details'!$A$2:$A$13,'Restaurant Details'!$B$2:$B$13,"Not Found") -> Chaat Corner
A11: O010 | B11: R004 | C11: Mumbai | D11: 46048 | E11: 46049 | F11: 56 | G11: 40 | H11: Amit | I11: Delivered | J11: =_xlfn.XLOOKUP(B11,'Restaurant Details'!$A$2:$A$13,'Restaurant Details'!$B$2:$B$13,"Not Found") -> Biryani House
A12: O011 | B12: R008 | C12: Delhi | D12: 46059 | E12: 46062 | F12: 42 | G12: 40 | H12: Neha | I12: Delivered | J12: =_xlfn.XLOOKUP(B12,'Restaurant Details'!$A$2:$A$13,'Restaurant Details'!$B$2:$B$13,"Not Found") -> Curry Culture
A13: O012 | B13: R001 | C13: Ahmedabad | D13: 46080 | E13: 46080 | F13: 32 | G13: 50 | H13: Unassigned | I13: Delivered | J13: =_xlfn.XLOOKUP(B13,'Restaurant Details'!$A$2:$A$13,'Restaurant Details'!$B$2:$B$13,"Not Found") -> Spice Hub
... A61: O060 | B61: R009 | C61: Bengaluru | D61: 46080 | E61: 46080 | F61: 41 | G61: 30 | H61: Neha | I61: Delivered | J61: =_xlfn.XLOOKUP(B61,'Restaurant Details'!$A$2:$A$13,'Restaurant Details'!$B$2:$B$13,"Not Found") -> The Dosa Cafe

Sheet Restaurant Details
A1: Restaurant ID | B1: Restaurant Name | C1: City
A2: R001 | B2: Spice Hub | C2: Ahmedabad
A3: R002 | B3: Urban Tadka | C3: Ahmedabad
A4: R003 | B4: Pizza Point | C4: Mumbai
A5: R004 | B5: Biryani House | C5: Mumbai
A6: R005 | B6: Green Bowl | C6: Pune
A7: R006 | B7: South Express | C7: Pune
A8: R007 | B8: Burger Street | C8: Delhi
A9: R008 | B9: Curry Culture | C9: Delhi
A10: R009 | B10: The Dosa Cafe | C10: Bengaluru
A11: R010 | B11: Noodle Box | C11: Bengaluru
A12: R011 | B12: Royal Thali | C12: Jaipur
A13: R012 | B13: Chaat Corner | C13: Jaipur

Sheet 3 - Day of Week
A1: Order ID | B1: Restaurant ID | C1: City | D1: Order Date | E1: Delivery Date | F1: Delivery Time (min) | G1: Delivery Charge | H1: Delivery Partner | I1: Status | J1: Restaurant Name | K1: Day of Week
A2: O001 | B2: R003 | C2: Mumbai | D2: 46053 | E2: 46056 | F2: 40 | G2: 40 | H2: Priya | I2: Delivered | J2: =_xlfn.XLOOKUP(B2,'Restaurant Details'!$A$2:$A$13,'Restaurant Details'!$B$2:$B$13,"Not Found") -> Pizza Point | K2: =TEXT(E2,"dddd") -> Tuesday
A3: O002 | B3: R009 | C3: Bengaluru | D3: 46038 | E3: 46039 | F3: 22 | G3: 25 | H3: Amit | I3: Cancelled | J3: =_xlfn.XLOOKUP(B3,'Restaurant Details'!$A$2:$A$13,'Restaurant Details'!$B$2:$B$13,"Not Found") -> The Dosa Cafe | K3: =TEXT(E3,"dddd") -> Saturday
A4: O003 | B4: R007 | C4: Delhi | D4: 46031 | E4: 46032 | F4: 36 | G4: 30 | H4: Unassigned | I4: Delivered | J4: =_xlfn.XLOOKUP(B4,'Restaurant Details'!$A$2:$A$13,'Restaurant Details'!$B$2:$B$13,"Not Found") -> Burger Street | K4: =TEXT(E4,"dddd") -> Saturday
A5: O004 | B5: R007 | C5: Delhi | D5: 46074 | E5: 46077 | F5: 50 | G5: 25 | H5: Amit | I5: Cancelled | J5: =_xlfn.XLOOKUP(B5,'Restaurant Details'!$A$2:$A$13,'Restaurant Details'!$B$2:$B$13,"Not Found") -> Burger Street | K5: =TEXT(E5,"dddd") -> Tuesday
A6: O005 | B6: R008 | C6: Delhi | D6: 46071 | E6: 46071 | F6: 45 | G6: 25 | H6: Priya | I6: Delivered | J6: =_xlfn.XLOOKUP(B6,'Restaurant Details'!$A$2:$A$13,'Restaurant Details'!$B$2:$B$13,"Not Found") -> Curry Culture | K6: =TEXT(E6,"dddd") -> Wednesday
A7: O006 | B7: R002 | C7: Ahmedabad | D7: 46078 | E7: 46078 | F7: 51 | G7: 30 | H7: Karan | I7: Delivered | J7: =_xlfn.XLOOKUP(B7,'Restaurant Details'!$A$2:$A$13,'Restaurant Details'!$B$2:$B$13,"Not Found") -> Urban Tadka | K7: =TEXT(E7,"dddd") -> Wednesday
A8: O007 | B8: R007 | C8: Delhi | D8: 46058 | E8: 46059 | F8: 33 | G8: 50 | H8: Rahul | I8: Delivered | J8: =_xlfn.XLOOKUP(B8,'Restaurant Details'!$A$2:$A$13,'Restaurant Details'!$B$2:$B$13,"Not Found") -> Burger Street | K8: =TEXT(E8,"dddd") -> Friday
A9: O008 | B9: R004 | C9: Mumbai | D9: 46031 | E9: 46032 | F9: 35 | G9: 50 | H9: Unassigned | I9: Cancelled | J9: =_xlfn.XLOOKUP(B9,'Restaurant Details'!$A$2:$A$13,'Restaurant Details'!$B$2:$B$13,"Not Found") -> Biryani House | K9: =TEXT(E9,"dddd") -> Saturday
A10: O009 | B10: R012 | C10: Jaipur | D10: 46031 | E10: 46031 | F10: 57 | G10: 40 | H10: Karan | I10: Delivered | J10: =_xlfn.XLOOKUP(B10,'Restaurant Details'!$A$2:$A$13,'Restaurant Details'!$B$2:$B$13,"Not Found") -> Chaat Corner | K10: =TEXT(E10,"dddd") -> Friday
A11: O010 | B11: R004 | C11: Mumbai | D11: 46048 | E11: 46049 | F11: 56 | G11: 40 | H11: Amit | I11: Delivered | J11: =_xlfn.XLOOKUP(B11,'Restaurant Details'!$A$2:$A$13,'Restaurant Details'!$B$2:$B$13,"Not Found") -> Biryani House | K11: =TEXT(E11,"dddd") -> Tuesday
A12: O011 | B12: R008 | C12: Delhi | D12: 46059 | E12: 46062 | F12: 42 | G12: 40 | H12: Neha | I12: Delivered | J12: =_xlfn.XLOOKUP(B12,'Restaurant Details'!$A$2:$A$13,'Restaurant Details'!$B$2:$B$13,"Not Found") -> Curry Culture | K12: =TEXT(E12,"dddd") -> Monday
A13: O012 | B13: R001 | C13: Ahmedabad | D13: 46080 | E13: 46080 | F13: 32 | G13: 50 | H13: Unassigned | I13: Delivered | J13: =_xlfn.XLOOKUP(B13,'Restaurant Details'!$A$2:$A$13,'Restaurant Details'!$B$2:$B$13,"Not Found") -> Spice Hub | K13: =TEXT(E13,"dddd") -> Friday
... A61: O060 | B61: R009 | C61: Bengaluru | D61: 46080 | E61: 46080 | F61: 41 | G61: 30 | H61: Neha | I61: Delivered | J61: =_xlfn.XLOOKUP(B61,'Restaurant Details'!$A$2:$A$13,'Restaurant Details'!$B$2:$B$13,"Not Found") -> The Dosa Cafe | K61: =TEXT(E61,"dddd") -> Friday

Sheet 4 - City Summary
A1: City | B1: Total Orders | C1: Total Delivery Charges
A2: Ahmedabad | B2: 10 | C2: 390
A3: Bengaluru | B3: 4 | C3: 135
A4: Delhi | B4: 15 | C4: 610
A5: Jaipur | B5: 8 | C5: 305
A6: Mumbai | B6: 11 | C6: 475
A7: Pune | B7: 12 | C7: 490

Sheet 5 - Mini Dashboard
B2: Food Delivery Mini Dashboard
B4: City Filter | C4: All
B6: Total Orders | D6: Average Delivery Time
B7: =IF($C$4="All",COUNTA('1 - Cleaned Data'!$A$2:$A$61),COUNTIF('1 - Cleaned Data'!$C$2:$C$61,$C$4)) -> 60 | D7: =IF($C$4="All",AVERAGE('1 - Cleaned Data'!$F$2:$F$61),AVERAGEIF('1 - Cleaned Data'!$C$2:$C$61,$C$4,'1 - Cleaned Data'!$F$2:$F$61)) -> 40.383333
B10: Top Restaurants by Orders | E10: Top 3
B11: Restaurant | C11: Orders | E11: Restaurant | F11: Orders
B12: Spice Hub | C12: =IF($C$4="All",COUNTIF('1 - Cleaned Data'!$B$2:$B$61,"R001"),COUNTIFS('1 - Cleaned Data'!$B$2:$B$61,"R001",'1 - Cleaned Data'!$C$2:$C$61,$C$4)) -> 8 | E12: =INDEX($B$12:$B$23,MATCH(F12,$C$12:$C$23,0)) -> Burger Street | F12: =LARGE($C$12:$C$23,1) -> 10
B13: Urban Tadka | C13: =IF($C$4="All",COUNTIF('1 - Cleaned Data'!$B$2:$B$61,"R002"),COUNTIFS('1 - Cleaned Data'!$B$2:$B$61,"R002",'1 - Cleaned Data'!$C$2:$C$61,$C$4)) -> 2 | E13: =INDEX($B$12:$B$23,MATCH(F13,$C$12:$C$23,0)) -> Spice Hub | F13: =LARGE($C$12:$C$23,2) -> 8
B14: Pizza Point | C14: =IF($C$4="All",COUNTIF('1 - Cleaned Data'!$B$2:$B$61,"R003"),COUNTIFS('1 - Cleaned Data'!$B$2:$B$61,"R003",'1 - Cleaned Data'!$C$2:$C$61,$C$4)) -> 3 | E14: =INDEX($B$12:$B$23,MATCH(F14,$C$12:$C$23,0)) -> Spice Hub | F14: =LARGE($C$12:$C$23,3) -> 8
B15: Biryani House | C15: =IF($C$4="All",COUNTIF('1 - Cleaned Data'!$B$2:$B$61,"R004"),COUNTIFS('1 - Cleaned Data'!$B$2:$B$61,"R004",'1 - Cleaned Data'!$C$2:$C$61,$C$4)) -> 8
B16: Green Bowl | C16: =IF($C$4="All",COUNTIF('1 - Cleaned Data'!$B$2:$B$61,"R005"),COUNTIFS('1 - Cleaned Data'!$B$2:$B$61,"R005",'1 - Cleaned Data'!$C$2:$C$61,$C$4)) -> 6
B17: South Express | C17: =IF($C$4="All",COUNTIF('1 - Cleaned Data'!$B$2:$B$61,"R006"),COUNTIFS('1 - Cleaned Data'!$B$2:$B$61,"R006",'1 - Cleaned Data'!$C$2:$C$61,$C$4)) -> 6
B18: Burger Street | C18: =IF($C$4="All",COUNTIF('1 - Cleaned Data'!$B$2:$B$61,"R007"),COUNTIFS('1 - Cleaned Data'!$B$2:$B$61,"R007",'1 - Cleaned Data'!$C$2:$C$61,$C$4)) -> 10
B19: Curry Culture | C19: =IF($C$4="All",COUNTIF('1 - Cleaned Data'!$B$2:$B$61,"R008"),COUNTIFS('1 - Cleaned Data'!$B$2:$B$61,"R008",'1 - Cleaned Data'!$C$2:$C$61,$C$4)) -> 5
B20: The Dosa Cafe | C20: =IF($C$4="All",COUNTIF('1 - Cleaned Data'!$B$2:$B$61,"R009"),COUNTIFS('1 - Cleaned Data'!$B$2:$B$61,"R009",'1 - Cleaned Data'!$C$2:$C$61,$C$4)) -> 4
B21: Noodle Box | C21: =IF($C$4="All",COUNTIF('1 - Cleaned Data'!$B$2:$B$61,"R010"),COUNTIFS('1 - Cleaned Data'!$B$2:$B$61,"R010",'1 - Cleaned Data'!$C$2:$C$61,$C$4)) -> 0
B22: Royal Thali | C22: =IF($C$4="All",COUNTIF('1 - Cleaned Data'!$B$2:$B$61,"R011"),COUNTIFS('1 - Cleaned Data'!$B$2:$B$61,"R011",'1 - Cleaned Data'!$C$2:$C$61,$C$4)) -> 4
B23: Chaat Corner | C23: =IF($C$4="All",COUNTIF('1 - Cleaned Data'!$B$2:$B$61,"R012"),COUNTIFS('1 - Cleaned Data'!$B$2:$B$61,"R012",'1 - Cleaned Data'!$C$2:$C$61,$C$4)) -> 4
B27: City filter | C27: Use the dropdown in C4 to change the dashboard view.
